﻿<?xml version="1.0" encoding="utf-8" ?>
<manifest identifier="ims_hello" version="1.0" 
	xmlns="http://www.imsproject.org/xsd/imscp_rootv1p1p2" 
	xmlns:adlcp="http://www.adlnet.org/xsd/adlcp_rootv1p2" 
	xmlns:xsi="http://www.w3.org/2001/XMLSchema-instance">
    <metadata>
        <schema>ADL SCORM</schema>
        <schemaversion>CAM 1.3</schemaversion>
    </metadata>
    <organizations default="crs_hello">
        <organization identifier="crs_hello">
           <title>Тестер SCORM-взаимодействия</title>
              <item identifier="sco_hello" 
			      identifierref="sco_hello_ref">
              <title>Тестер (этот пакет)</title>
           </item>
        </organization>
    </organizations>
    <resources>
        <resource identifier="sco_hello_ref" 
            type="webcontent" 
            href="apitester.html" 
            adlcp:scormtype="sco">
        </resource>
    </resources>
</manifest>